ID,Parent,Type,Name,Path,Module,Docstring,Params,ReturnType
10,1,external,absl,absl,timesfm.data_loader,,,
11,1,external,numpy,numpy,timesfm.data_loader,,,
12,1,external,pandas,pandas,timesfm.data_loader,,,
13,1,external,preprocessing,sklearn.preprocessing,timesfm.data_loader,,,
14,1,external,tensorflow,tensorflow,timesfm.data_loader,,,
28,15,external,numpy,numpy,timesfm.time_features,,,
29,15,external,pandas,pandas,timesfm.time_features,,,
30,15,external,holiday,pandas.tseries.holiday,timesfm.time_features,,,
31,15,external,offsets,pandas.tseries.offsets,timesfm.time_features,,,
32,15,external,preprocessing,sklearn.preprocessing,timesfm.time_features,,,
33,15,external,tqdm,tqdm,timesfm.time_features,,,
35,34,external,sys,sys,timesfm,,,
77,36,external,dataclasses,dataclasses,timesfm.pytorch_patched_decoder,,,
78,36,external,math,math,timesfm.pytorch_patched_decoder,,,
79,36,external,typing,typing,timesfm.pytorch_patched_decoder,,,
80,36,external,torch,torch,timesfm.pytorch_patched_decoder,,,
81,36,external,functional,torch.nn.functional,timesfm.pytorch_patched_decoder,,,
89,82,external,logging,logging,timesfm.timesfm_jax,,,
90,82,external,multiprocessing,multiprocessing,timesfm.timesfm_jax,,,
91,82,external,time,time,timesfm.timesfm_jax,,,
92,82,external,os,os,timesfm.timesfm_jax,,,
93,82,external,typing,typing,timesfm.timesfm_jax,,,
94,82,external,einshape,einshape,timesfm.timesfm_jax,,,
95,82,external,jax,jax,timesfm.timesfm_jax,,,
96,82,external,numpy,jax.numpy,timesfm.timesfm_jax,,,
97,82,external,numpy,numpy,timesfm.timesfm_jax,,,
98,82,external,huggingface_hub,huggingface_hub,timesfm.timesfm_jax,,,
99,82,external,paxml,paxml,timesfm.timesfm_jax,,,
100,82,external,praxis,praxis,timesfm.timesfm_jax,,,
101,82,external,layers,praxis.layers,timesfm.timesfm_jax,,,
113,102,external,itertools,itertools,timesfm.xreg_lib,,,
114,102,external,math,math,timesfm.xreg_lib,,,
115,102,external,typing,typing,timesfm.xreg_lib,,,
116,102,external,jax,jax,timesfm.xreg_lib,,,
117,102,external,numpy,jax.numpy,timesfm.xreg_lib,,,
118,102,external,numpy,numpy,timesfm.xreg_lib,,,
119,102,external,sklearn,sklearn,timesfm.xreg_lib,,,
141,120,external,dataclasses,dataclasses,timesfm.patched_decoder,,,
142,120,external,typing,typing,timesfm.patched_decoder,,,
143,120,external,einshape,einshape,timesfm.patched_decoder,,,
144,120,external,jax,jax,timesfm.patched_decoder,,,
145,120,external,numpy,jax.numpy,timesfm.patched_decoder,,,
146,120,external,praxis,praxis,timesfm.patched_decoder,,,
147,120,external,layers,praxis.layers,timesfm.patched_decoder,,,
153,148,external,logging,logging,timesfm.timesfm_torch,,,
154,148,external,os,os,timesfm.timesfm_torch,,,
155,148,external,typing,typing,timesfm.timesfm_torch,,,
156,148,external,numpy,numpy,timesfm.timesfm_torch,,,
157,148,external,torch,torch,timesfm.timesfm_torch,,,
158,148,external,huggingface_hub,huggingface_hub,timesfm.timesfm_torch,,,
179,159,external,collections,collections,timesfm.timesfm_base,,,
180,159,external,dataclasses,dataclasses,timesfm.timesfm_base,,,
181,159,external,logging,logging,timesfm.timesfm_base,,,
182,159,external,multiprocessing,multiprocessing,timesfm.timesfm_base,,,
183,159,external,typing,typing,timesfm.timesfm_base,,,
184,159,external,numpy,numpy,timesfm.timesfm_base,,,
185,159,external,pandas,pandas,timesfm.timesfm_base,,,
186,159,external,processing,utilsforecast.processing,timesfm.timesfm_base,,,
