ID,カテゴリ,機能名,概要,優先度,難易度,Phase,Status,工数見積,担当想定,依存関係,技術要素,ビジネス価値,技術リスク,備考
S-001,構造,5層階層ナビゲータ,Modules→Items→Members→Params→Valuesの段階的絞込UI,Critical,⭐⭐,1,✅ V5実装済,5日,Frontend,なし,ipywidgets cascade,極高,低,UI/UXの中核
S-002,構造,サンバースト階層図,パッケージ→モジュール→クラス→メソッドの階層可視化,High,⭐⭐,1,✅ V5実装済,3日,Frontend,S-001,plotly.express.sunburst,高,低,直感的構造把握
S-003,構造,ファイルシステムマッパー,物理ファイル構成と論理モジュール構成の対応可視化,High,⭐,1,⚠️ V5.5推奨,3日,Backend,なし,pathlib + tree graph,高,低,パッケージング理解
S-004,構造,pip list台帳管理,pip listからパッケージ一覧を正規化テーブル化,Critical,⭐,1,✅ V5実装済,2日,Backend,なし,pandas normalization,極高,低,データソース基盤
S-005,構造,パッケージ依存グラフ,install_requiresから依存関係グラフ構築・可視化,High,⭐⭐,1,⚠️ V5.5推奨,5日,Backend,S-003,networkx + pyvis,高,低,依存関係理解
S-101,構造,インタラクティブ依存グラフ,モジュール間依存・継承関係を物理演算グラフで描画,High,⭐⭐,1,✅ V5実装済,3日,Frontend,S-005,PyVis force-directed,高,低,関係性探索
S-102,構造,再帰的ASTビジュアライザ,ソースコードをAST（抽象構文木）として解析・ツリー表示,Mid,⭐⭐⭐,2,🔄 V6計画,5日,Backend,なし,ast module + d3.js tree,中,中,文法レベル理解
S-103,構造,動的コールグラフ,実行時トレースで関数呼出連鎖をシーケンス図化,Mid,⭐⭐⭐⭐,3,⚠️ 要再検討,8日,Backend,なし,代替: AST静的解析 + sampling profiler,中,高,sys.settrace性能問題
S-104,構造,メタ構造スキャナ,デコレータ・メタクラス・__getattr__等の隠れた構造検出,Mid,⭐⭐⭐,2,🔄 V6計画,4日,Backend,S-102,inspect + AST analysis,中,中,魔法のコード暴露
S-105,構造,型フロー経路ビュー,型から始まり型に到達するAPI連鎖をフローチャート表示,Mid,⭐⭐⭐,2,🔄 V6計画,5日,Backend,U-005,Type graph analysis,中,中,型ベース探索
U-001,意味,パラメータ値候補生成,default/Enum/Literal等から引数値候補を抽出しランキング,Critical,⭐⭐⭐,1,✅ V5実装済,8日,Backend,なし,6ソース統合 + scoring,極高,中,コード生成品質
U-002,意味,API類似度計算,署名・名前・説明文・型を特徴量化し類似API検索,High,⭐⭐,1,✅ V5実装済,4日,ML,なし,TF-IDF + cosine similarity,高,低,探索効率化
U-003,意味,Docstringカバレッジ分析,API別docstring有無・長さ・構造から品質スコア算出,Mid,⭐⭐,1,⚠️ V5.5推奨,3日,Backend,なし,Text analysis + scoring,中,低,品質可視化
U-004,意味,パッケージ自動分類,パッケージ名・概要から用途カテゴリ（ML/可視化等）推定,High,⭐⭐,1,⚠️ V5.5推奨,5日,ML,U-002,Keyword matching + ML,高,低,カテゴリ整理
U-005,意味,型推論ビジュアライザ,型ヒントなしコードに静的解析ツールの推論結果重畳表示,Mid,⭐⭐⭐,2,🔄 V6計画,4日,Backend,なし,Pyright LSP integration,中,中,型理解支援
U-101,意味,認知的複雑度ヒートマップ,循環的複雑度・ネストの深さを計測しモジュール一覧に色表示,High,⭐⭐,1,⚠️ V5.5推奨,4日,Backend,なし,radon + heatmap viz,高,低,読みづらさ可視化
U-102,意味,AI要約ジェネレータ,LLMでdocstring不在・難解コードの要約・使用例を自動生成,Mid,⭐⭐⭐,2,🔄 V6計画,5日,ML,なし,Anthropic API,中,中,学習コスト削減
U-103,意味,セマンティック検索（ベクトル）,機能説明文をEmbedding化し「何ができるか」で検索,Mid,⭐⭐⭐⭐,3,🔄 V7計画,8日,ML,なし,sentence-transformers + FAISS,中,高,スケーラビリティ課題
U-104,意味,利用パターンマイニング,GitHub等から一般的使用パターン（イディオム）収集・統計化,Low,⭐⭐⭐⭐⭐,4,🔄 V8計画,15日,Data Eng,なし,GitHub API + pattern mining,低,極高,集合知活用
G-001,生成,コンテキスト完全コード生成,import文・設定コード込みで即実行可能なスニペット生成,Critical,⭐⭐,1,✅ V5実装済,5日,Backend,U-001,Template engine + validation,極高,低,実用性の証明
G-002,生成,サンプルデータファクトリ,DataFrame/ndarray/str等の型別サンプルデータ自動生成,High,⭐⭐,1,✅ V5実装済,3日,Backend,G-001,Type-based generation,高,低,コード実行可能化
G-003,生成,Mermaid図生成＋プレビュー,クラス図・フロー図をMermaid記法で生成し安全レンダリング,High,⭐⭐,1,✅ V5実装済,4日,Backend+Frontend,なし,Mermaid.js + iframe sandbox,高,中,視覚的理解
G-101,生成,テストケース自動生成,境界値分析によるpytest形式ユニットテスト自動生成,Mid,⭐⭐⭐,2,🔄 V6計画,6日,Backend,G-001,pytest template + boundary analysis,中,中,品質向上
G-102,生成,リファクタリング提案,Pythonicな書き方・非推奨API置換案を提示,Mid,⭐⭐⭐,3,🔄 V7計画,8日,Backend,S-102,AST transformation + pattern matching,中,高,正確性保証困難
G-103,生成,インタラクティブプレイグラウンド,ノートブック内サンドボックスで引数変更→即実行・結果確認,Mid,⭐⭐⭐,2,🔄 V6計画,6日,Backend+Frontend,G-001,ipywidgets + exec sandbox,中,高,セキュリティリスク
Q-001,品質,ライセンスコンプライアンスチェック,ライブラリライセンス一覧化・プロジェクト互換性判定,High,⭐,1,⚠️ V5.5推奨,3日,Backend,S-004,license-expression,高,低,コンプライアンス
Q-002,品質,構造化ログ（JSON）,実行ID・時間・対象ライブラリ・エラー情報を構造化ログ出力,High,⭐,1,✅ V5実装済,2日,Backend,なし,python-json-logger,高,低,デバッグ・監視
Q-003,品質,入力バリデーション,pip list/設定ファイルの形式チェック・必須列確認・警告,High,⭐⭐,1,✅ V5実装済,3日,Backend,なし,pydantic validation,高,低,堅牢性
Q-004,品質,エラー分類・可視化,解析失敗理由をカテゴリ別（ImportError等）に集計・UI表示,Mid,⭐⭐,1,✅ V5実装済,2日,Backend+Frontend,Q-002,Error taxonomy + dashboard,中,低,問題特定
Q-101,品質,脆弱性スキャナ,依存ライブラリの既知脆弱性（CVE）をデータベース照合・危険度表示,Mid,⭐⭐,2,🔄 V6計画,4日,Backend,S-004,safety/pip-audit,中,中,セキュリティ
Q-102,品質,自己修復メカニズム,エラー発生時に原因推測・代替パス解析・スキップで継続,Mid,⭐⭐⭐,2,🔄 V6計画,5日,Backend,Q-002,Retry strategy + fallback,中,中,頑健性向上
Q-104,品質,スモーク/コントラクトテスト,代表ライブラリで解析〜表示の一連フロー保証テスト,High,⭐⭐,1,✅ V5実装済,4日,QA,全機能,pytest integration tests,高,低,品質保証
E-001,拡張,プラグインIF: Extractor,AST/stubs/runtime等の解析手段を差替可能にするインターフェース,High,⭐⭐,1,✅ V5実装済,4日,Backend,なし,Abstract base class,高,低,拡張性
E-002,拡張,Python API/CLI公開,Notebookだけでなくスクリプトからも呼出可能なAPI/CLI,High,⭐⭐,1,⚠️ V5.5推奨,8日,Backend+DevOps,全機能,Click CLI framework,高,中,統合容易性
E-003,拡張,設定YAML管理,対象パッケージ・解析モード・除外ルール等をYAML管理,High,⭐,1,✅ V5実装済,2日,Backend,なし,PyYAML + schema validation,高,低,設定管理
E-004,拡張,エクスポート形式拡張,CSV/JSON/Excel/HTML等、出力形式をプラグイン追加可能に,Mid,⭐⭐,1,✅ V5実装済,3日,Backend,E-001,Exporter plugin IF,中,低,多様な出力
E-101,拡張,プラグインIF: Analyzer,類似度計算・クラスタリング等を外部モジュールとして追加可能に,Mid,⭐⭐⭐,2,🔄 V6計画,6日,Backend,E-001,Plugin architecture,中,中,カスタマイズ
E-102,拡張,ウィジェット登録API,新しいUIコンポーネント（フィルタ・グラフ）追加を簡易化,Mid,⭐⭐,2,🔄 V6計画,4日,Frontend,なし,ipywidgets extension,中,低,UI拡張性
O-001,運用,解析キャッシュレイヤ,ライブラリごと解析結果をディスクキャッシュし再解析高速化,High,⭐⭐,1,✅ V5実装済,3日,Backend,なし,JSON/pickle cache,高,低,高速化
O-002,運用,バージョンスナップショット管理,実行時pip listを日付付き保存・再解析・差分比較,High,⭐,1,✅ V5実装済,2日,Backend,S-004,Snapshot versioning,高,低,履歴管理
O-003,運用,Self-checkコマンド,依存・フォルダ構成・権限・必須ツール動作を一括チェック,Mid,⭐⭐,1,⚠️ V5.5推奨,3日,DevOps,なし,Health check framework,中,低,環境診断
O-004,運用,危険モジュールブラックリスト,runtime import時に危険ライブラリや重処理をブロック・警告,Mid,⭐⭐,1,✅ V5実装済,2日,Backend,なし,Blacklist + import hook,中,低,安全性
O-101,運用,自動生成ドキュメント,コアモジュールのAPI・JSONスキーマ仕様を自動でMarkdown出力,Mid,⭐⭐,2,🔄 V6計画,3日,Backend,なし,Sphinx autodoc,中,低,ドキュメント維持
M-001,メタ認知,再帰的自己解析,このツール自身（analyzer_v5.py等）をこのツールで解析・デバッグ可能に,High,⭐,1,⚠️ V5.5推奨,2日,All,E-002,Self-analysis loop,高,低,ドッグフーディング
M-002,メタ認知,ナビゲーション履歴・パンくず,ユーザー探索パスを記録・可視化、思考軌跡を保存・再開可能,Mid,⭐⭐,2,🔄 V6計画,4日,Frontend,なし,History stack + breadcrumb,中,低,迷子防止
M-003,メタ認知,Universe俯瞰ダッシュボード,ライブラリ数・API数・ドキュメント率・API密度を1画面で俯瞰,Mid,⭐⭐,1,⚠️ V5.5推奨,5日,Frontend+Backend,S-003,Dashboard summary,中,低,全体把握
M-101,メタ認知,インテリジェント次候補提案,現在閲覧中モジュールから「次に見るべき関連モジュール」推薦,Mid,⭐⭐⭐⭐,3,🔄 V7計画,10日,ML,U-002,Collaborative filtering,中,高,ML精度課題
